{
    "frequencies": [
        544.9151896956245,
        523.4954511751548,
        807.9711008243431,
        254.926221612143,
        538.4174099582474,
        705.8928001604846,
        299.66393595786883,
        999.5134434867621,
        305.72928000801284,
        210.3100544319324
    ],
    "mode_stresses": [
        87419305.45878237,
        83577574.45754002,
        97664310.01026396,
        22941617.185001895,
        30190976.558264393,
        37073056.38505521,
        94020358.03330413,
        27395420.552602924,
        69035979.1771945,
        66586771.25064584
    ]
}