{
    "stress": 95064586.34067446,
    "deformation": 0.003313876533807899
}