{
    "frequencies": [
        196.64838188221,
        358.69379870585755,
        600.6109464636261,
        151.7520878271072,
        749.7524412398218,
        455.7980805374752,
        808.6895417086487,
        986.4233475986634,
        437.32944392070146,
        417.5013739765577
    ],
    "mode_stresses": [
        59586651.68643951,
        20877212.084113162,
        46493600.4093896,
        45774871.86410219,
        30335062.033023156,
        27311111.479039744,
        4272407.72621004,
        98295357.00690149,
        94274001.47921102,
        40329928.18805019
    ]
}